repo_name,easy_file,hard_file
grycap/im,IM/REST.py,im_service.py
grycap/im,setup.py,im_service.py
mph-/lcapy,lcapy/texpr.py,lcapy/phasor.py
mmgen/mmgen,mmgen/tw/bal.py,mmgen/ui.py
mmgen/mmgen,mmgen/proto/zec/params.py,mmgen/ui.py
mmgen/mmgen,mmgen/proto/eth/tw/bal.py,mmgen/ui.py
mmgen/mmgen,mmgen/tx/base.py,mmgen/ui.py
mmgen/mmgen,mmgen/proto/btc/tw/bal.py,mmgen/ui.py
mmgen/mmgen,mmgen/proto/btc/tw/unspent.py,mmgen/ui.py
mmgen/mmgen,mmgen/tw/view.py,mmgen/ui.py
mmgen/mmgen,mmgen/objmethods.py,mmgen/ui.py
mmgen/mmgen,mmgen/proto/eth/tw/addresses.py,mmgen/ui.py
mmgen/mmgen,mmgen/proto/btc/tw/json.py,mmgen/ui.py
mmgen/mmgen,mmgen/tool/rpc.py,mmgen/ui.py
mmgen/mmgen,mmgen/proto/xmr/params.py,mmgen/ui.py
mmgen/mmgen,mmgen/proto/eth/tw/unspent.py,mmgen/ui.py
mmgen/mmgen,mmgen/proto/eth/tw/rpc.py,mmgen/ui.py
mmgen/mmgen,mmgen/proto/btc.py,mmgen/ui.py
mmgen/mmgen,mmgen/tw/addresses.py,mmgen/ui.py
mmgen/mmgen,mmgen/tw/json.py,mmgen/ui.py
mmgen/mmgen,mmgen/tw/txhistory.py,mmgen/ui.py
mmgen/mmgen,mmgen/tw/unspent.py,mmgen/ui.py
mmgen/mmgen,mmgen/proto/eth/tw/json.py,mmgen/ui.py
mmgen/mmgen,mmgen/proto/btc/tw/json.py,mmgen/proto/btc/rpc.py
mmgen/mmgen,mmgen/tool/rpc.py,mmgen/proto/btc/rpc.py
mmgen/mmgen,mmgen/objmethods.py,mmgen/proto/btc/rpc.py
mmgen/mmgen,mmgen/tw/view.py,mmgen/proto/btc/rpc.py
mmgen/mmgen,mmgen/tw/txhistory.py,mmgen/proto/btc/rpc.py
mmgen/mmgen,mmgen/proto/btc/tw/unspent.py,mmgen/proto/btc/rpc.py
mmgen/mmgen,mmgen/proto/btc.py,mmgen/proto/btc/rpc.py
mmgen/mmgen,mmgen/proto/eth/tw/rpc.py,mmgen/proto/btc/rpc.py
mmgen/mmgen,mmgen/proto/btc/tw/bal.py,mmgen/proto/btc/rpc.py
mmgen/mmgen,mmgen/proto/zec/params.py,mmgen/proto/btc/rpc.py
mmgen/mmgen,mmgen/proto/eth/tw/unspent.py,mmgen/proto/btc/rpc.py
mmgen/mmgen,mmgen/tw/json.py,mmgen/proto/btc/rpc.py
mmgen/mmgen,mmgen/proto/eth/tw/addresses.py,mmgen/proto/btc/rpc.py
mmgen/mmgen,mmgen/tw/bal.py,mmgen/proto/btc/rpc.py
mmgen/mmgen,mmgen/proto/xmr/params.py,mmgen/proto/btc/rpc.py
mmgen/mmgen,mmgen/proto/eth/tw/bal.py,mmgen/proto/btc/rpc.py
mmgen/mmgen,mmgen/proto/eth/tw/json.py,mmgen/proto/btc/rpc.py
mmgen/mmgen,mmgen/tw/addresses.py,mmgen/proto/btc/rpc.py
mmgen/mmgen,mmgen/tx/base.py,mmgen/proto/btc/rpc.py
mmgen/mmgen,mmgen/tw/unspent.py,mmgen/proto/btc/rpc.py
mmgen/mmgen,mmgen/proto/btc/tw/json.py,mmgen/proto/btc/daemon.py
mmgen/mmgen,mmgen/proto/eth/tw/bal.py,mmgen/proto/btc/daemon.py
mmgen/mmgen,mmgen/tool/rpc.py,mmgen/proto/btc/daemon.py
mmgen/mmgen,mmgen/proto/eth/tw/unspent.py,mmgen/proto/btc/daemon.py
mmgen/mmgen,mmgen/tw/view.py,mmgen/proto/btc/daemon.py
mmgen/mmgen,mmgen/tw/txhistory.py,mmgen/proto/btc/daemon.py
mmgen/mmgen,mmgen/proto/eth/tw/rpc.py,mmgen/proto/btc/daemon.py
mmgen/mmgen,mmgen/tw/bal.py,mmgen/proto/btc/daemon.py
mmgen/mmgen,mmgen/tx/base.py,mmgen/proto/btc/daemon.py
mmgen/mmgen,mmgen/tw/json.py,mmgen/proto/btc/daemon.py
mmgen/mmgen,mmgen/tw/unspent.py,mmgen/proto/btc/daemon.py
mmgen/mmgen,mmgen/proto/btc.py,mmgen/proto/btc/daemon.py
mmgen/mmgen,mmgen/tw/addresses.py,mmgen/proto/btc/daemon.py
mmgen/mmgen,mmgen/proto/eth/tw/json.py,mmgen/proto/btc/daemon.py
mmgen/mmgen,mmgen/proto/xmr/params.py,mmgen/proto/btc/daemon.py
mmgen/mmgen,mmgen/proto/zec/params.py,mmgen/proto/btc/daemon.py
mmgen/mmgen,mmgen/proto/eth/tw/addresses.py,mmgen/proto/btc/daemon.py
mmgen/mmgen,mmgen/objmethods.py,mmgen/proto/btc/daemon.py
mmgen/mmgen,mmgen/proto/btc/tw/unspent.py,mmgen/proto/btc/daemon.py
mmgen/mmgen,mmgen/proto/btc/tw/bal.py,mmgen/proto/btc/daemon.py
mmgen/mmgen,mmgen/tx/base.py,mmgen/proto/btc/tx/new.py
mmgen/mmgen,mmgen/proto/btc/tw/bal.py,mmgen/proto/btc/tx/new.py
mmgen/mmgen,mmgen/tw/unspent.py,mmgen/proto/btc/tx/new.py
mmgen/mmgen,mmgen/proto/eth/tw/unspent.py,mmgen/proto/btc/tx/new.py
mmgen/mmgen,mmgen/objmethods.py,mmgen/proto/btc/tx/new.py
mmgen/mmgen,mmgen/proto/btc/tw/unspent.py,mmgen/proto/btc/tx/new.py
mmgen/mmgen,mmgen/tw/json.py,mmgen/proto/btc/tx/new.py
mmgen/mmgen,mmgen/proto/eth/tw/addresses.py,mmgen/proto/btc/tx/new.py
mmgen/mmgen,mmgen/proto/eth/tw/rpc.py,mmgen/proto/btc/tx/new.py
mmgen/mmgen,mmgen/proto/btc/tw/json.py,mmgen/proto/btc/tx/new.py
mmgen/mmgen,mmgen/tw/txhistory.py,mmgen/proto/btc/tx/new.py
mmgen/mmgen,mmgen/proto/btc.py,mmgen/proto/btc/tx/new.py
mmgen/mmgen,mmgen/proto/zec/params.py,mmgen/proto/btc/tx/new.py
mmgen/mmgen,mmgen/tool/rpc.py,mmgen/proto/btc/tx/new.py
mmgen/mmgen,mmgen/proto/xmr/params.py,mmgen/proto/btc/tx/new.py
mmgen/mmgen,mmgen/proto/eth/tw/bal.py,mmgen/proto/btc/tx/new.py
mmgen/mmgen,mmgen/tw/addresses.py,mmgen/proto/btc/tx/new.py
mmgen/mmgen,mmgen/tw/view.py,mmgen/proto/btc/tx/new.py
mmgen/mmgen,mmgen/tw/bal.py,mmgen/proto/btc/tx/new.py
mmgen/mmgen,mmgen/proto/eth/tw/json.py,mmgen/proto/btc/tx/new.py
ANTsX/ANTsPy,ants/utils/__init__.py,ants/registration/interface.py
angr/claripy,claripy/__init__.py,claripy/backends/backend_z3.py
mozman/ezdxf,src/ezdxf/addons/tablepainter.py,src/ezdxf/acis/sab.py
mozman/ezdxf,src/ezdxf/entities/dxfentity.py,src/ezdxf/addons/drawing/matplotlib.py
mozman/ezdxf,src/ezdxf/addons/table.py,src/ezdxf/addons/drawing/matplotlib.py
mozman/ezdxf,src/ezdxf/entities/leader.py,src/ezdxf/addons/drawing/matplotlib.py
mozman/ezdxf,src/ezdxf/layouts/layout.py,src/ezdxf/addons/drawing/matplotlib.py
mozman/ezdxf,src/ezdxf/document.py,src/ezdxf/addons/drawing/matplotlib.py
mozman/ezdxf,src/ezdxf/addons/mtext.py,src/ezdxf/addons/drawing/matplotlib.py
mozman/ezdxf,src/ezdxf/entities/layer.py,src/ezdxf/addons/drawing/matplotlib.py
mozman/ezdxf,src/ezdxf/addons/tablepainter.py,src/ezdxf/addons/drawing/mpl_text_renderer.py
akrherz/pyIEM,src/pyiem/util.py,src/pyiem/plot/util.py
eoyilmaz/anima,anima/ui/dialogs/asset_migration_tool_dialog.py,anima/dcc/mayaEnv/auxiliary.py
eoyilmaz/anima,anima/ui/dialogs/asset_migration_tool_dialog.py,anima/ui/dialogs/task_picker_dialog.py
janpipek/physt,src/physt/util.py,src/physt/plotting/matplotlib.py
janpipek/physt,src/physt/examples/__init__.py,src/physt/plotting/matplotlib.py
janpipek/physt,src/physt/facade.py,src/physt/plotting/matplotlib.py
pantsbuild/pex,pex/version.py,pex/interpreter.py
KSG-IT/ksg-nett,organization/schema.py,users/utils.py
KSG-IT/ksg-nett,legacy/management/commands/migratesummaries.py,bar_tab/schema.py
KSG-IT/ksg-nett,legacy/management/commands/migratesummaries.py,users/defaults.py
KSG-IT/ksg-nett,organization/schema.py,admissions/schema.py
KSG-IT/ksg-nett,legacy/management/commands/migratesummaries.py,schedules/utils/schedules.py
KSG-IT/ksg-nett,legacy/management/commands/migratesummaries.py,legacy/management/commands/migratequotes.py
KSG-IT/ksg-nett,legacy/management/commands/migratesummaries.py,legacy/management/commands/migratedeposits.py
KSG-IT/ksg-nett,legacy/management/commands/migratesummaries.py,users/migrations/0023_alter_user_ical_token.py
KSG-IT/ksg-nett,legacy/management/commands/migratesummaries.py,users/migrations/0024_alter_user_ical_token.py
burnash/gspread,gspread/__init__.py,gspread/utils.py
burnash/gspread,gspread/__init__.py,gspread/client.py
gbrammer/grizli,grizli/model.py,grizli/prep.py
gbrammer/grizli,grizli/grismconf.py,grizli/prep.py
gbrammer/grizli,grizli/multifit.py,grizli/prep.py
locustio/locust,locust/stats.py,locust/main.py
bskinn/sphobjinv,src/sphobjinv/cli/parser.py,src/sphobjinv/cli/load.py
naschorr/hawking,code/common/__init__.py,code/core/speech.py
naschorr/hawking,code/core/message_parser.py,code/core/speech.py
naschorr/hawking,code/common/__init__.py,modules/fortune/fortune.py
naschorr/hawking,code/core/message_parser.py,modules/fortune/fortune.py
naschorr/hawking,code/common/__init__.py,modules/phrases/phrases.py
naschorr/hawking,code/core/message_parser.py,modules/phrases/phrases.py
naschorr/hawking,code/core/message_parser.py,code/common/audio_player.py
naschorr/hawking,code/common/__init__.py,code/common/audio_player.py
naschorr/hawking,code/core/message_parser.py,code/core/commands/admin.py
naschorr/hawking,code/common/__init__.py,code/core/commands/admin.py
naschorr/hawking,code/common/__init__.py,code/common/privacy_manager.py
naschorr/hawking,code/core/message_parser.py,code/common/privacy_manager.py
naschorr/hawking,code/core/cogs/__init__.py,code/core/commands/help_cog.py
naschorr/hawking,code/core/cogs/speech_cog.py,code/core/commands/help_cog.py
naschorr/hawking,code/common/ui/component_factory.py,code/core/commands/help_cog.py
naschorr/hawking,code/common/database/__init__.py,code/core/commands/help_cog.py
naschorr/hawking,code/common/command_management/command_reconstructor.py,code/core/commands/help_cog.py
naschorr/hawking,code/core/cogs/help_cog.py,code/core/commands/help_cog.py
naschorr/hawking,code/core/cogs/speech_cog.py,code/core/tts/tts_controller.py
naschorr/hawking,code/common/command_management/command_reconstructor.py,code/core/tts/tts_controller.py
naschorr/hawking,code/common/ui/component_factory.py,code/core/tts/tts_controller.py
naschorr/hawking,code/core/cogs/__init__.py,code/core/tts/tts_controller.py
naschorr/hawking,code/common/database/__init__.py,code/core/tts/tts_controller.py
naschorr/hawking,code/core/cogs/help_cog.py,code/core/tts/tts_controller.py
naschorr/hawking,code/core/cogs/__init__.py,code/core/commands/invite_command.py
naschorr/hawking,code/core/cogs/help_cog.py,code/core/commands/invite_command.py
naschorr/hawking,code/common/ui/component_factory.py,code/core/commands/invite_command.py
naschorr/hawking,code/common/database/__init__.py,code/core/commands/invite_command.py
naschorr/hawking,code/common/command_management/command_reconstructor.py,code/core/commands/invite_command.py
naschorr/hawking,code/core/cogs/speech_cog.py,code/core/commands/invite_command.py
naschorr/hawking,code/core/message_parser.py,modules/stupid_questions/stupid_questions.py
naschorr/hawking,code/common/__init__.py,modules/stupid_questions/stupid_questions.py
naschorr/hawking,code/core/message_parser.py,code/core/commands/speech_config_help_command.py
naschorr/hawking,code/common/__init__.py,code/core/commands/speech_config_help_command.py
naschorr/hawking,code/core/cogs/speech_cog.py,code/common/command_management/invoked_command_handler.py
naschorr/hawking,code/common/ui/component_factory.py,code/common/command_management/invoked_command_handler.py
naschorr/hawking,code/common/command_management/command_reconstructor.py,code/common/command_management/invoked_command_handler.py
naschorr/hawking,code/core/cogs/help_cog.py,code/common/command_management/invoked_command_handler.py
naschorr/hawking,code/core/cogs/__init__.py,code/common/command_management/invoked_command_handler.py
naschorr/hawking,code/common/database/__init__.py,code/common/command_management/invoked_command_handler.py
naschorr/hawking,code/core/cogs/speech_cog.py,code/common/database/clients/dynamo_db/dynamo_db_client.py
naschorr/hawking,code/common/ui/component_factory.py,code/common/database/clients/dynamo_db/dynamo_db_client.py
naschorr/hawking,code/common/command_management/command_reconstructor.py,code/common/database/clients/dynamo_db/dynamo_db_client.py
naschorr/hawking,code/core/cogs/__init__.py,code/common/database/clients/dynamo_db/dynamo_db_client.py
naschorr/hawking,code/common/database/__init__.py,code/common/database/clients/dynamo_db/dynamo_db_client.py
naschorr/hawking,code/core/cogs/help_cog.py,code/common/database/clients/dynamo_db/dynamo_db_client.py
bohdon/maya-pulse,src/pulse/scripts/pulse/ui/designviews/weights.py,src/pulse/scripts/pulse/ui/gen/main_toolbar.py
bohdon/maya-pulse,src/pulse/scripts/pulse/ui/contextmenus.py,src/pulse/scripts/pulse/ui/gen/main_toolbar.py
bohdon/maya-pulse,src/pulse/scripts/pulse/ui/menu.py,src/pulse/scripts/pulse/ui/gen/main_toolbar.py
bohdon/maya-pulse,src/pulse/scripts/pulse/ui/gen/resources_rc.py,src/pulse/scripts/pulse/ui/gen/main_toolbar.py
bohdon/maya-pulse,src/pulse/scripts/pulse/ui/anim/picker.py,src/pulse/scripts/pulse/ui/gen/main_toolbar.py
bohdon/maya-pulse,src/pulse/scripts/pulse/builtin_actions/controls/anim_control_pulseaction.py,src/pulse/scripts/pulse/ui/gen/main_toolbar.py
bohdon/maya-pulse,src/pulse/scripts/pulse/ui/designviews/controls.py,src/pulse/scripts/pulse/ui/gen/main_toolbar.py
bohdon/maya-pulse,src/pulse/scripts/pulse/builtin_actions/core/core_hierarchy.py,src/pulse/scripts/pulse/ui/gen/main_toolbar.py
bohdon/maya-pulse,src/pulse/scripts/pulse/ui/designviews/general.py,src/pulse/scripts/pulse/ui/gen/main_toolbar.py
bohdon/maya-pulse,src/pulse/scripts/pulse/ui/gen/anim_picker.py,src/pulse/scripts/pulse/ui/gen/main_toolbar.py
bohdon/maya-pulse,src/pulse/scripts/pulse/ui/designviews/sym.py,src/pulse/scripts/pulse/ui/gen/main_toolbar.py
bohdon/maya-pulse,src/pulse/scripts/pulse/builtin_actions/core/optimize_scene.py,src/pulse/scripts/pulse/ui/gen/main_toolbar.py
bohdon/maya-pulse,src/pulse/scripts/pulse/core/blueprint.py,src/pulse/scripts/pulse/ui/gen/main_toolbar.py
bohdon/maya-pulse,src/pulse/scripts/pulse/editor_utils.py,src/pulse/scripts/pulse/ui/gen/main_toolbar.py
bohdon/maya-pulse,src/pulse/scripts/pulse/builtin_actions/constraints/parent_pulseaction.py,src/pulse/scripts/pulse/ui/gen/main_toolbar.py
bohdon/maya-pulse,src/pulse/scripts/pulse/core/build_items.py,src/pulse/scripts/pulse/ui/gen/main_toolbar.py
bohdon/maya-pulse,src/pulse/scripts/pulse/ui/utils.py,src/pulse/scripts/pulse/ui/gen/main_toolbar.py
bohdon/maya-pulse,src/pulse/scripts/pulse/ui/pulseeditor.py,src/pulse/scripts/pulse/ui/gen/main_toolbar.py
bohdon/maya-pulse,src/pulse/scripts/pulse/builtin_actions/core/import_references.py,src/pulse/scripts/pulse/ui/gen/main_toolbar.py
bohdon/maya-pulse,src/pulse/scripts/pulse/ui/buildtoolbar.py,src/pulse/scripts/pulse/ui/gen/main_toolbar.py
bohdon/maya-pulse,src/pulse/scripts/pulse/ui/quickname.py,src/pulse/scripts/pulse/ui/gen/main_toolbar.py
bohdon/maya-pulse,src/pulse/scripts/pulse/ui/designviews/joints.py,src/pulse/scripts/pulse/ui/gen/main_toolbar.py
bohdon/maya-pulse,src/pulse/scripts/pulse/ui/designviews/layout.py,src/pulse/scripts/pulse/ui/gen/main_toolbar.py
bohdon/maya-pulse,src/pulse/scripts/pulse/ui/quickcolor.py,src/pulse/scripts/pulse/ui/gen/main_toolbar.py
bohdon/maya-pulse,src/pulse/scripts/pulse/ui/gen/icons_rc.py,src/pulse/scripts/pulse/ui/gen/main_toolbar.py
bohdon/maya-pulse,src/pulse/scripts/pulse/ui/gen/icons_rc.py,src/pulse/scripts/pulse/ui/action_editor/build_step_form.py
bohdon/maya-pulse,src/pulse/scripts/pulse/ui/buildtoolbar.py,src/pulse/scripts/pulse/ui/action_editor/build_step_form.py
bohdon/maya-pulse,src/pulse/scripts/pulse/ui/designviews/layout.py,src/pulse/scripts/pulse/ui/action_editor/build_step_form.py
bohdon/maya-pulse,src/pulse/scripts/pulse/ui/contextmenus.py,src/pulse/scripts/pulse/ui/action_editor/build_step_form.py
bohdon/maya-pulse,src/pulse/scripts/pulse/ui/menu.py,src/pulse/scripts/pulse/ui/action_editor/build_step_form.py
bohdon/maya-pulse,src/pulse/scripts/pulse/ui/anim/picker.py,src/pulse/scripts/pulse/ui/action_editor/build_step_form.py
bohdon/maya-pulse,src/pulse/scripts/pulse/builtin_actions/core/optimize_scene.py,src/pulse/scripts/pulse/ui/action_editor/build_step_form.py
bohdon/maya-pulse,src/pulse/scripts/pulse/editor_utils.py,src/pulse/scripts/pulse/ui/action_editor/build_step_form.py
bohdon/maya-pulse,src/pulse/scripts/pulse/ui/quickcolor.py,src/pulse/scripts/pulse/ui/action_editor/build_step_form.py
bohdon/maya-pulse,src/pulse/scripts/pulse/ui/gen/resources_rc.py,src/pulse/scripts/pulse/ui/action_editor/build_step_form.py
bohdon/maya-pulse,src/pulse/scripts/pulse/ui/designviews/weights.py,src/pulse/scripts/pulse/ui/action_editor/build_step_form.py
bohdon/maya-pulse,src/pulse/scripts/pulse/builtin_actions/core/core_hierarchy.py,src/pulse/scripts/pulse/ui/action_editor/build_step_form.py
bohdon/maya-pulse,src/pulse/scripts/pulse/ui/gen/anim_picker.py,src/pulse/scripts/pulse/ui/action_editor/build_step_form.py
bohdon/maya-pulse,src/pulse/scripts/pulse/core/blueprint.py,src/pulse/scripts/pulse/ui/action_editor/build_step_form.py
bohdon/maya-pulse,src/pulse/scripts/pulse/builtin_actions/controls/anim_control_pulseaction.py,src/pulse/scripts/pulse/ui/action_editor/build_step_form.py
bohdon/maya-pulse,src/pulse/scripts/pulse/builtin_actions/core/import_references.py,src/pulse/scripts/pulse/ui/action_editor/build_step_form.py
bohdon/maya-pulse,src/pulse/scripts/pulse/builtin_actions/constraints/parent_pulseaction.py,src/pulse/scripts/pulse/ui/action_editor/build_step_form.py
bohdon/maya-pulse,src/pulse/scripts/pulse/core/build_items.py,src/pulse/scripts/pulse/ui/action_editor/build_step_form.py
bohdon/maya-pulse,src/pulse/scripts/pulse/ui/designviews/general.py,src/pulse/scripts/pulse/ui/action_editor/build_step_form.py
bohdon/maya-pulse,src/pulse/scripts/pulse/ui/pulseeditor.py,src/pulse/scripts/pulse/ui/action_editor/build_step_form.py
bohdon/maya-pulse,src/pulse/scripts/pulse/ui/designviews/joints.py,src/pulse/scripts/pulse/ui/action_editor/build_step_form.py
bohdon/maya-pulse,src/pulse/scripts/pulse/ui/designviews/sym.py,src/pulse/scripts/pulse/ui/action_editor/build_step_form.py
bohdon/maya-pulse,src/pulse/scripts/pulse/ui/quickname.py,src/pulse/scripts/pulse/ui/action_editor/build_step_form.py
bohdon/maya-pulse,src/pulse/scripts/pulse/ui/designviews/controls.py,src/pulse/scripts/pulse/ui/action_editor/build_step_form.py
bohdon/maya-pulse,src/pulse/scripts/pulse/ui/utils.py,src/pulse/scripts/pulse/ui/action_editor/build_step_form.py
bohdon/maya-pulse,src/pulse/scripts/pulse/ui/utils.py,src/pulse/scripts/pulse/builtin_actions/constraints/matrix_constrain.py
bohdon/maya-pulse,src/pulse/scripts/pulse/ui/quickname.py,src/pulse/scripts/pulse/builtin_actions/constraints/matrix_constrain.py
bohdon/maya-pulse,src/pulse/scripts/pulse/ui/gen/anim_picker.py,src/pulse/scripts/pulse/builtin_actions/constraints/matrix_constrain.py
bohdon/maya-pulse,src/pulse/scripts/pulse/ui/gen/resources_rc.py,src/pulse/scripts/pulse/builtin_actions/constraints/matrix_constrain.py
bohdon/maya-pulse,src/pulse/scripts/pulse/ui/designviews/weights.py,src/pulse/scripts/pulse/builtin_actions/constraints/matrix_constrain.py
bohdon/maya-pulse,src/pulse/scripts/pulse/core/blueprint.py,src/pulse/scripts/pulse/builtin_actions/constraints/matrix_constrain.py
bohdon/maya-pulse,src/pulse/scripts/pulse/ui/buildtoolbar.py,src/pulse/scripts/pulse/builtin_actions/constraints/matrix_constrain.py
bohdon/maya-pulse,src/pulse/scripts/pulse/ui/designviews/general.py,src/pulse/scripts/pulse/builtin_actions/constraints/matrix_constrain.py
bohdon/maya-pulse,src/pulse/scripts/pulse/ui/quickcolor.py,src/pulse/scripts/pulse/builtin_actions/constraints/matrix_constrain.py
bohdon/maya-pulse,src/pulse/scripts/pulse/ui/contextmenus.py,src/pulse/scripts/pulse/builtin_actions/constraints/matrix_constrain.py
bohdon/maya-pulse,src/pulse/scripts/pulse/editor_utils.py,src/pulse/scripts/pulse/builtin_actions/constraints/matrix_constrain.py
bohdon/maya-pulse,src/pulse/scripts/pulse/core/build_items.py,src/pulse/scripts/pulse/builtin_actions/constraints/matrix_constrain.py
bohdon/maya-pulse,src/pulse/scripts/pulse/ui/pulseeditor.py,src/pulse/scripts/pulse/builtin_actions/constraints/matrix_constrain.py
bohdon/maya-pulse,src/pulse/scripts/pulse/ui/designviews/sym.py,src/pulse/scripts/pulse/builtin_actions/constraints/matrix_constrain.py
bohdon/maya-pulse,src/pulse/scripts/pulse/builtin_actions/core/core_hierarchy.py,src/pulse/scripts/pulse/builtin_actions/constraints/matrix_constrain.py
bohdon/maya-pulse,src/pulse/scripts/pulse/ui/designviews/controls.py,src/pulse/scripts/pulse/builtin_actions/constraints/matrix_constrain.py
bohdon/maya-pulse,src/pulse/scripts/pulse/builtin_actions/constraints/parent_pulseaction.py,src/pulse/scripts/pulse/builtin_actions/constraints/matrix_constrain.py
bohdon/maya-pulse,src/pulse/scripts/pulse/builtin_actions/controls/anim_control_pulseaction.py,src/pulse/scripts/pulse/builtin_actions/constraints/matrix_constrain.py
bohdon/maya-pulse,src/pulse/scripts/pulse/ui/menu.py,src/pulse/scripts/pulse/builtin_actions/constraints/matrix_constrain.py
bohdon/maya-pulse,src/pulse/scripts/pulse/builtin_actions/core/import_references.py,src/pulse/scripts/pulse/builtin_actions/constraints/matrix_constrain.py
bohdon/maya-pulse,src/pulse/scripts/pulse/ui/designviews/joints.py,src/pulse/scripts/pulse/builtin_actions/constraints/matrix_constrain.py
bohdon/maya-pulse,src/pulse/scripts/pulse/builtin_actions/core/optimize_scene.py,src/pulse/scripts/pulse/builtin_actions/constraints/matrix_constrain.py
bohdon/maya-pulse,src/pulse/scripts/pulse/ui/gen/icons_rc.py,src/pulse/scripts/pulse/builtin_actions/constraints/matrix_constrain.py
bohdon/maya-pulse,src/pulse/scripts/pulse/ui/designviews/layout.py,src/pulse/scripts/pulse/builtin_actions/constraints/matrix_constrain.py
bohdon/maya-pulse,src/pulse/scripts/pulse/ui/anim/picker.py,src/pulse/scripts/pulse/builtin_actions/constraints/matrix_constrain.py
sde1000/quicktill,quicktill/tillweb/urls.py,quicktill/tillweb/views.py
OpenDrift/opendrift,examples/trajectory_analysis/demo_trajectory_analysis.py,examples/trajectory_analysis/trajectory_analysis.py
PanDAWMS/panda-jedi,pandajedi/jedibrokerage/AtlasProdTaskBroker.py,pandajedi/jedicore/JediDBProxy.py
PanDAWMS/panda-jedi,pandajedi/jedirefine/TaskRefinerBase.py,pandajedi/jedicore/JediDBProxy.py
geodynamics/burnman,burnman/classes/solutionmodel.py,burnman/classes/material.py
geodynamics/burnman,examples/example_anisotropic_mineral.py,burnman/classes/material.py
geodynamics/burnman,burnman/classes/anisotropicmineral.py,burnman/classes/material.py
kalaspuff/tomodachi,tomodachi/__init__.py,tomodachi/__version__.py
kalaspuff/tomodachi,tomodachi/__init__.py,tomodachi/transport/http.py
kalaspuff/tomodachi,tomodachi/options.py,tomodachi/options/interface.py
winpython/winpython,winpython/wppm.py,winpython/associate.py
winpython/winpython,winpython/__init__.py,winpython/associate.py
winpython/winpython,winpython/wppm.py,winpython/controlpanel.py
winpython/winpython,winpython/__init__.py,winpython/controlpanel.py
bbfrederick/rapidtide,rapidtide/simfuncfit.py,rapidtide/workflows/rapidtide_parser.py
bbfrederick/rapidtide,rapidtide/peakeval.py,rapidtide/workflows/rapidtide_parser.py
mathiasertl/django-ca,ca/django_ca/forms.py,ca/django_ca/admin.py
mathiasertl/django-ca,ca/django_ca/forms.py,ca/django_ca/utils.py
mathiasertl/django-ca,ca/django_ca/forms.py,ca/django_ca/fields.py
Yubico/yubikey-manager,ykman/_cli/fido.py,ykman/_openpgp.py
Yubico/yubikey-manager,ykman/_cli/otp.py,ykman/_openpgp.py
osm-fr/osmose-frontend,web_api/editor.py,web_api/issues.py
osm-fr/osmose-frontend,web_api/map.py,web_api/issues.py
EBI-Metagenomics/emgapi,emgcli/settings.py,emgapi/views.py
EBI-Metagenomics/emgapi,emgapi/models.py,emgapi/views.py
EBI-Metagenomics/emgapi,emgapi/serializers.py,emgapi/views.py
EBI-Metagenomics/emgapi,emgapi/serializers.py,emgapi/backends.py
EBI-Metagenomics/emgapi,emgapi/models.py,emgapi/backends.py
EBI-Metagenomics/emgapi,emgcli/settings.py,emgapi/backends.py
alejandroautalan/pygubu,src/pygubu/plugins/customtkinter/widgets.py,src/pygubu/plugins/customtkinter/windows.py
alejandroautalan/pygubu,src/pygubu/plugins/customtkinter/__init__.py,src/pygubu/plugins/customtkinter/windows.py
alejandroautalan/pygubu,src/pygubu/component/plugin_engine.py,src/pygubu/plugins/customtkinter/windows.py
alejandroautalan/pygubu,src/pygubu/component/plugin_manager.py,src/pygubu/plugins/customtkinter/windows.py
jim-easterbrook/Photini,src/photini/loggerwindow.py,src/photini/importer.py
jim-easterbrook/Photini,src/photini/descriptive.py,src/photini/importer.py
jim-easterbrook/Photini,src/photini/flickr.py,src/photini/importer.py
jim-easterbrook/Photini,src/photini/loggerwindow.py,src/photini/imagelist.py
jim-easterbrook/Photini,src/photini/flickr.py,src/photini/imagelist.py
jim-easterbrook/Photini,src/photini/descriptive.py,src/photini/imagelist.py
jim-easterbrook/Photini,src/photini/loggerwindow.py,src/photini/technical.py
jim-easterbrook/Photini,src/photini/flickr.py,src/photini/technical.py
jim-easterbrook/Photini,src/photini/descriptive.py,src/photini/technical.py
EdwardBetts/osm-wikidata,matcher/model.py,matcher/websocket.py
ecederstrand/exchangelib,exchangelib/transport.py,exchangelib/version.py
ecederstrand/exchangelib,exchangelib/util.py,exchangelib/version.py
theonlydude/RandomMetroidSolver,rom/symbols.py,rom/rom_options.py
